{"cameraMode":{"drawMode":0,"name":"Shaded","section":"Shading Mode"},"sceneLighting":false,"audioPlay":false,"sceneViewState":{"showFog":false,"showMaterialUpdate":false,"showSkybox":false,"showFlares":false,"showImageEffects":false,"showParticleSystems":false},"in2DMode":false,"pivot":{"x":3.119694709777832,"y":0.0,"z":2.7928476333618166},"rotation":{"x":-0.1274622231721878,"y":0.0005917000817134976,"z":-0.00007849264511605725,"w":-0.9918455481529236},"size":7.235642910003662,"orthographic":false}