{"cameraMode":{"drawMode":0,"name":"Shaded","section":"Shading Mode"},"sceneLighting":true,"audioPlay":false,"sceneViewState":{"showFog":false,"showMaterialUpdate":false,"showSkybox":false,"showFlares":false,"showImageEffects":false,"showParticleSystems":false},"in2DMode":false,"pivot":{"x":-4.654991149902344,"y":-0.5986226201057434,"z":5.034950256347656},"rotation":{"x":-0.1274622231721878,"y":0.0005917000817134976,"z":-0.00007849264511605725,"w":-0.9918455481529236},"size":8.026163101196289,"orthographic":false}